1.0,0.47268083676499373
1.0,0.35273325060006755
1.0,1.1677774188638068
1.0,0.5284322658089877
1.0,0.6745574973083421
1.0,0.8284843129749788
1.0,0.5689087530590768
1.0,1.7700302421853849
1.0,-0.10321705767637468
1.0,0.6800061132034898
1.0,0.8848359483572494
1.0,0.5181643408741365
1.0,0.7583991856345165
1.0,0.661815251218286
1.0,1.004979979464224
1.0,0.9153999293384913
1.0,0.707592641066185
1.0,0.38906392168155435
1.0,0.6488991555934263
1.0,0.8401548589317827
1.0,0.8844123156550268
1.0,0.7374462878524355
1.0,0.6618828638438572
1.0,0.776238636673952
1.0,0.7852995219063814
1.0,0.5547618877662899
1.0,0.679836583103679
1.0,0.8801068965012746
1.0,0.7469483984032195
1.0,0.6723694308229824
1.0,0.6985170066245701
1.0,0.7091855881653828
1.0,0.4291607678578657
1.0,0.7202443380811019
1.0,0.6925373616495563
1.0,0.2489134832385389
1.0,0.5122687205548573
1.0,0.7196643895204033
1.0,0.8575761140800751
1.0,0.6725730389616729
1.0,0.57573993546157
1.0,0.7314126654682696
1.0,0.8194685488970208
1.0,0.7099331568942944
1.0,0.6173936055856757
1.0,0.6282858301456145
1.0,1.4521466043788678
1.0,0.8297946012326065
1.0,0.7293200636731854
1.0,0.6793235463928795
1.0,0.6145231163609424
1.0,0.8124362522175943
1.0,0.6982363266433822
1.0,0.5249721890959336
1.0,0.6330770778422448
1.0,0.4766869882969331
1.0,0.7470661037750688
1.0,0.9002823225373504
1.0,0.7562238624332167
1.0,0.7633819213742754
1.0,0.7007004567958575
1.0,0.6838672856320045
1.0,0.654315066943127
1.0,1.2114974570231425
1.0,0.7365082013266147
1.0,0.910231350392678
1.0,0.8348485294936836
1.0,0.7313673874559754
1.0,0.7392648687418841
1.0,0.7028985528831981
1.0,0.9006164487291244
1.0,0.62705662528424
1.0,0.6599271107324967
1.0,0.5738330736703574
1.0,0.626219059484356
1.0,0.7565057541987699
1.0,1.0031761090012878
1.0,0.8402427247419837
1.0,0.46865910890664964
1.0,0.6869753275377661
1.0,0.6418519635299162
1.0,0.9587642386995867
1.0,0.6592915980972975
1.0,0.6351397133257706
1.0,0.6802438751456066
1.0,0.77916868878674
1.0,0.9702157892816103
1.0,0.8685984445155555
1.0,0.7894210531121644
1.0,0.9460420154964595
1.0,0.6054888431981453
1.0,0.6524404880483416
1.0,0.9579069905394135
1.0,0.7364192326385819
1.0,0.7904634586238899
1.0,0.8060717060689058
1.0,0.7056582076493214
1.0,0.8583961747344802
1.0,0.6329988053375928
1.0,0.5908929402467038
1.0,0.734837428280116
1.0,0.806839924545784
1.0,0.47374913203566393
1.0,0.7970518118700056
1.0,0.5875874808862136
1.0,0.6613262682813001
1.0,0.7346449238239074
1.0,1.4543400386455687
1.0,0.8045173306445577
1.0,0.19613204636971204
1.0,0.666112324630376
1.0,0.7194048569699589
1.0,0.6261893636410605
1.0,0.577986083387259
1.0,0.4653575326556165
1.0,1.221603217772099
1.0,0.6359147528410176
1.0,0.7876082976481484
1.0,0.763526256507248
1.0,0.47802875540946843
1.0,0.7195711474196287
1.0,0.3435874822234837
1.0,0.6698360202080949
1.0,0.7154674360799618
1.0,0.6871904332292615
1.0,0.23860740013969917
1.0,1.4344133867916753
1.0,0.6871156119432271
1.0,0.7195360094610805
1.0,0.9121295241202461
1.0,0.4989325576070769
1.0,0.49018126033752196
1.0,0.8183475622472542
1.0,0.6952923473827468
1.0,0.5774834185067448
1.0,0.9495955111460717
1.0,0.7930134128228019
1.0,0.7970779204079008
1.0,0.6629234824831656
1.0,0.9029335662471567
1.0,0.8809053092727481
1.0,0.7076087143195764
1.0,0.7761379324347217
1.0,0.856770967943703
1.0,0.6444504820401562
1.0,0.7859795914091592
1.0,0.7809784615146782
1.0,0.5108600455623673
1.0,0.5182832876389512
1.0,0.6771324390556401
1.0,0.15623821772169322
1.0,0.5632110264086805
1.0,0.5125323031088556
1.0,0.8116035914963504
1.0,0.7702623917302844
1.0,0.7215583956594855
1.0,0.362438136394303
1.0,0.5441518873176392
1.0,0.6095186356906197
1.0,0.8313563171350324
1.0,0.8106427513148446
1.0,0.6667113929861443
1.0,0.6979747109844538
1.0,0.7617456867119472
1.0,0.5991379508013779
1.0,0.7346985817130189
1.0,0.8638261480473375
1.0,0.7252902432592236
1.0,0.7069913983104925
1.0,0.576046582703384
1.0,0.4567531908114688
1.0,0.7052665064356916
1.0,0.6010177745074543
1.0,0.6721052877283
1.0,0.9729059798937669
1.0,0.8290692868349652
1.0,0.48107631568291254
1.0,0.528140664012426
1.0,0.6899208434533648
1.0,0.6010638305206157
1.0,0.6792593236250468
1.0,0.5547590126425348
1.0,0.7027355226209693
1.0,1.3007462182340532
1.0,0.879165230561739
1.0,0.9167402760867844
1.0,0.7629320743981225
1.0,0.4326997788821245
1.0,0.6578977430090163
1.0,0.7505531963170142
1.0,0.8251040374652803
1.0,0.9278410955139407
1.0,0.6866325480295927
1.0,0.6346823291214605
1.0,0.6875311465901177
1.0,1.6738641694228136
1.0,0.7721542331355522
1.0,0.8508488014313116
1.0,0.8424328698692989
1.0,0.31840159720377414
1.0,0.9318065642682996
1.0,0.7981856876212987
1.0,0.6278544758970384
1.0,0.424066277001657
1.0,0.648932973470437
1.0,0.7670355581549302
1.0,0.697037078597532
1.0,0.9713131792177592
1.0,0.3849453611710487
1.0,0.7389173249093801
1.0,0.6315520783555257
1.0,0.7409469630410968
1.0,0.9617764134309255
1.0,0.6106207526536309
1.0,0.4448151644783138
1.0,0.6871361653802524
1.0,0.5262455463043807
1.0,0.4698131404911692
1.0,0.7066781059502318
1.0,0.8071924347359527
1.0,0.7997507571653841
1.0,0.6257655377530682
1.0,0.5886081680828283
1.0,0.8722146318332307
1.0,0.739885579766451
1.0,0.5269521836316926
1.0,0.807096612940768
1.0,0.5389869648488457
1.0,0.6704867182352245
1.0,0.6180148989142253
1.0,0.7474957695367266
1.0,0.690328356658938
1.0,0.9406413920669365
1.0,0.8131693754321532
1.0,0.7818565155876058
1.0,0.9535746397341427
1.0,0.8388700877594601
1.0,0.8373365438528708
1.0,0.8986477301214109
1.0,0.6434617801214699
1.0,0.7762452695787943
1.0,0.8383641556265502
1.0,0.7860291792139833
1.0,0.05024215040884883
1.0,0.634483801434726
1.0,0.8079512434869685
1.0,0.7559487540702321
1.0,0.6953234153297672
1.0,0.5242384394778128
1.0,0.7652903940006581
1.0,0.12134792460346944
1.0,0.5604571720286913
1.0,0.8454279180032245
1.0,0.5465378423205038
1.0,0.7018053699694065
1.0,0.6649265597880003
1.0,0.595566542528104
1.0,0.7177567356384316
1.0,0.2816195793884617
1.0,0.7818011973540706
1.0,0.5654430928070724
1.0,0.5154009165307798
1.0,0.5043031798077209
1.0,0.8594998630851478
1.0,0.6967328773716872
1.0,0.7859522302633195
1.0,0.47450696706619055
1.0,0.5744118769234774
1.0,0.5680087602404456
1.0,0.7264981810476456
1.0,0.868425089599441
1.0,0.7145569546719344
1.0,0.8537858841655179
1.0,0.44861694818609976
1.0,0.6362829266154222
1.0,0.9786215168405761
1.0,0.7150070747011341
1.0,0.9152496745782628
1.0,0.7014644413548012
1.0,0.9654011824441113
1.0,0.6624834976164493
1.0,0.6459511235516402
1.0,0.6507138472970837
1.0,0.7891976906012133
1.0,0.8431925895038148
1.0,0.8430998565381742
1.0,2.257641164324923
1.0,0.8203471707611243
1.0,0.5117148437748256
1.0,0.7472478071867954
1.0,0.6452233884765519
1.0,0.5411283520406869
1.0,0.4819962268220479
1.0,1.5508638457213237
1.0,0.24397620216041105
1.0,0.8164718152884234
1.0,0.6459640235725601
1.0,0.6443736909113795
1.0,0.7174035171383366
1.0,0.34164064368087566
1.0,0.9433230922741132
1.0,0.752988291685142
1.0,0.9953155957309718
1.0,0.6119978264705423
1.0,0.658698853725582
1.0,0.8308359099928566
1.0,0.8226738579687662
1.0,0.797967151260309
1.0,0.5548208983836957
1.0,0.5871359594393653
1.0,0.5362983765553508
1.0,0.8159337998413321
1.0,0.6110717805868262
1.0,0.35977018993435195
1.0,0.6172952468368749
1.0,0.5092669379164363
1.0,0.384058592265319
1.0,0.6756977540744629
1.0,0.4162546571724306
1.0,0.4596896483717501
1.0,0.8931720654627497
1.0,0.663821618428301
1.0,0.7402642982897305
1.0,0.5108407094166978
1.0,0.47849835877332225
1.0,1.1352777071660967
1.0,0.8950778665757753
1.0,0.7451928371074246
1.0,0.5919255363969569
1.0,0.8756211688641997
1.0,0.5210961097491236
1.0,0.9587880589670021
1.0,-0.04626360335441859
1.0,0.6937118579089656
1.0,0.7184900921174631
1.0,0.8362649161381341
1.0,0.8746866806177422
1.0,0.9022052081600123
1.0,0.6885336342729715
1.0,0.5659017877560473
1.0,0.668779130321127
1.0,0.7736240394178822
1.0,0.49535428299259365
1.0,0.7861833523202222
1.0,0.7603821949396661
1.0,0.5746185346888524
1.0,-0.001499859206887777
1.0,0.7157950989012534
1.0,0.6867894244269337
1.0,0.9769159369152476
1.0,0.5557379765905353
1.0,0.6797978399445128
1.0,0.691509938589661
1.0,0.6861456786718918
1.0,0.6120879678437632
1.0,0.7322960200426678
1.0,0.8030951393757277
1.0,0.8970842014050504
1.0,0.689006112489551
1.0,0.5229045587293513
1.0,0.7297771996245501
1.0,0.009809905911424721
1.0,0.7941272404923438
1.0,0.6894732884265977
1.0,0.7288962443508353
1.0,0.3516464548456497
1.0,0.5214057183475234
1.0,0.7271486934041604
1.0,0.48545278702476935
1.0,0.5309049504376162
1.0,0.672058492988981
1.0,0.7451785704406575
1.0,0.7374861957578105
1.0,0.6948283083775095
1.0,0.7232390454282722
1.0,0.648815127378839
1.0,0.43600083165256365
1.0,0.63960938686796
1.0,0.8188229463812604
1.0,0.9097911548160482
1.0,0.7491114478480085
1.0,1.0038385329871744
1.0,1.0800746711556712
1.0,1.0288438494762886
1.0,-0.5138486102887327
1.0,0.7238773974204378
1.0,0.6845954955351772
1.0,0.5329182978402969
1.0,0.6336635522620782
1.0,1.282049119410658
1.0,0.6533191167418408
1.0,0.702550256424729
1.0,0.5638071924540782
1.0,0.7492092339480223
1.0,0.682209313425119
1.0,0.17628470738054602
1.0,0.597105592922162
1.0,-1.2280748506700547
1.0,0.8659359696712272
1.0,0.6693612358485552
1.0,0.7407628256351018
1.0,0.6309411787706267
1.0,0.6603329459112501
1.0,0.6201084959702712
1.0,0.7181051708785162
1.0,0.4501614809523744
1.0,0.7774912220984334
1.0,0.6331502301418368
1.0,0.7129990424955395
1.0,0.6633818666769002
1.0,0.5987828200431977
1.0,0.6599717627295831
1.0,0.7945692753073672
1.0,0.4168641726282658
1.0,0.6484120013319625
1.0,0.7748363275013617
1.0,0.5710938899073881
1.0,0.6561871694693764
1.0,0.39976280372502515
1.0,0.6523031439228362
1.0,0.6663439928815933
1.0,0.6295236311689223
1.0,0.8600352950734305
1.0,0.6941898834375024
1.0,0.6646416226503788
1.0,0.7966447962489838
1.0,0.8872006323335881
1.0,0.7127424670870823
1.0,0.8088340990234428
1.0,0.6777559159645534
1.0,0.7489226613261053
1.0,0.7642444011116822
1.0,0.7006126441065135
1.0,0.6516509906086867
1.0,0.7316232264702194
1.0,0.5012143261483288
1.0,0.6608224728652203
1.0,0.7652319955232088
1.0,0.8907233995878414
1.0,0.8308989363613364
1.0,0.8373329487585579
1.0,0.5817420757093714
1.0,0.48300108508829
1.0,0.4359476102854387
1.0,0.7885405626566353
1.0,0.485379054137411
1.0,0.5791860742592689
1.0,0.9545726255200861
1.0,0.6390189643097983
1.0,1.0664441103963327
1.0,0.6149659545708346
1.0,0.725381888465563
1.0,0.7264601510614739
1.0,0.8585586830686225
1.0,0.951499745284309
1.0,0.7803487026476432
1.0,0.7411530193840008
1.0,0.7415617810047479
1.0,0.8401933414106679
1.0,0.7865917918325067
1.0,0.6289526499103886
1.0,0.5501640335378397
1.0,0.7539239540174094
1.0,0.8934967252998831
1.0,0.6658886752384205
1.0,0.5846884240472718
1.0,0.4658531991281052
1.0,0.7921648551809994
1.0,-0.39957473005142674
1.0,0.5148886704964752
1.0,0.6708645886328668
1.0,0.028870956408354687
1.0,0.768518376218708
1.0,0.6525961738707338
1.0,0.6606887313128027
1.0,0.631291394870459
1.0,0.6419875946758111
1.0,0.5991369616585871
1.0,0.735860775043875
1.0,0.7056241863283503
1.0,0.8332819093575381
1.0,0.5734375340261977
1.0,0.39315323200662533
1.0,0.2971334078729342
1.0,0.4710393782852407
1.0,0.672140566312919
1.0,0.5732732504193336
1.0,0.5665587648081782
1.0,0.7240937119677255
1.0,0.6259689260305095
1.0,0.6442117767628588
1.0,0.6960469958921749
1.0,1.172279865823839
1.0,0.5510333685715523
1.0,0.4205781453229065
1.0,0.5649658101719979
1.0,0.7552411370816117
1.0,0.70514758918398
1.0,0.8187293674145621
1.0,0.5865162507907371
1.0,0.5658777897788241
1.0,0.2590401673242013
1.0,0.720811867449811
1.0,0.5926528337167838
1.0,0.7486111996049658
1.0,0.8853391125176131
1.0,0.4064819573995919
1.0,0.613366074948317
1.0,0.5802545674978319
1.0,0.8004251681868482
1.0,0.5075010053324149
1.0,0.65736528780144
1.0,0.7298188759132245
1.0,0.8153238163431524
1.0,0.845809494500827
1.0,0.5619009970423576
1.0,0.6896683400655093
1.0,0.7148661385808737
1.0,0.6165719961463765
1.0,0.9279402849533653
1.0,0.6267892841688081
1.0,0.6151376002108009
1.0,0.5598594905759455
1.0,0.6140234646309182
1.0,0.8127404398155704
1.0,0.7785943914677773
1.0,0.6116224760380646
1.0,0.5764766292222703
1.0,0.7828961967970827
1.0,0.7246681169699514
1.0,0.5978928231306782
1.0,0.6843927354857442
1.0,0.8227813178064025
1.0,0.3544760538616174
1.0,0.572558006771942
1.0,0.47752839154054527
1.0,0.8868666209455114
1.0,0.6010358473768065
1.0,0.5337741418061341
1.0,0.7577548931749334
1.0,0.4533659519202047
1.0,0.9643582749868074
1.0,0.6577771995671355
1.0,0.5064937478791762
1.0,0.9115877916210593
1.0,0.6915535880771131
1.0,0.9221229953272996
1.0,0.6945482033843291
1.0,0.527040958660109
1.0,0.7182171436670615
1.0,1.0981007390755622
1.0,0.6682493969337884
1.0,1.3669351217404255
1.0,0.6266851557384143
1.0,0.8154397367043202
1.0,0.8757776297943565
1.0,0.30393334116160986
1.0,0.7297534828612697
1.0,0.8676309901447894
1.0,0.13420392458647257
1.0,0.8551496918180419
1.0,0.8385483738693438
1.0,0.6266660400615365
1.0,0.7552160071963954
1.0,0.7257447001502442
1.0,0.7169421607886761
1.0,0.8278615361232369
1.0,0.7398541016364106
1.0,1.1727630896884875
1.0,0.703993610046382
1.0,0.44238556694745057
1.0,0.9522242142793402
1.0,0.6048594434632832
1.0,0.8784337232282269
1.0,0.6746580285062009
1.0,0.8566931128216311
1.0,0.8715744098644791
1.0,0.6722178368136156
1.0,0.7006777885562769
1.0,0.6321927238286662
1.0,0.5536169348461044
1.0,1.205011269284114
1.0,0.5996045389811115
1.0,1.637281464559237
1.0,0.6159817917196051
1.0,0.6960123753615335
1.0,0.6621856328829381
1.0,0.6878719840015037
1.0,0.7618748604345456
1.0,0.8350140826914867
1.0,1.1743171216130577
1.0,1.0804671518280884
1.0,0.5837131345706439
1.0,0.7007534872382166
1.0,0.7042102357245312
1.0,0.8451490495735925
1.0,0.5977612758815667
1.0,0.8480574757186332
1.0,0.5448700911019841
1.0,0.5854659870137766
1.0,0.5843644542364927
1.0,0.452344175957478
1.0,0.6838071222682629
1.0,0.6351708851243529
1.0,0.24920458042561222
1.0,0.724948332306667
1.0,0.792927137339575
1.0,0.5148988927230675
1.0,0.3973693904626998
1.0,0.5092291729915814
1.0,0.7684720094457589
1.0,0.5848370491303285
1.0,0.6163535173782293
1.0,0.9001165745785329
1.0,0.8405090521519014
1.0,1.6180754070228431
1.0,0.716389478142446
1.0,0.9035730547793719
1.0,0.7723954520679399
1.0,0.5924463462570202
1.0,0.655104602229585
1.0,0.7966161840895438
1.0,0.7534572712902445
1.0,0.6060517490959683
1.0,0.7223232302649194
1.0,0.6928193282683424
1.0,0.6459122404758091
1.0,0.7559930277784588
1.0,0.6003681417741973
1.0,0.605862104372136
1.0,0.5635597452956063
1.0,0.6216111819649086
1.0,0.6107053710329637
1.0,0.6070058750819953
1.0,0.5919217046557605
1.0,0.794239815990295
1.0,0.7338729829862132
1.0,0.7887044790923028
1.0,0.6753516446469803
1.0,0.6852758287686811
1.0,0.6716586600159644
1.0,0.8612196470567142
1.0,0.46787919972484815
1.0,0.4206250863899186
1.0,0.8465887425963956
1.0,0.5435104476782726
1.0,0.5528272527508307
1.0,0.5369083745445096
1.0,0.8304376796922952
1.0,0.6617111707173535
1.0,0.7542930928448186
1.0,0.7918372159319915
1.0,0.920051528998556
1.0,0.7096134642388279
1.0,0.36868232625602104
1.0,0.7143323586942643
1.0,1.0997742588169785
1.0,0.727626584392965
1.0,0.8648028911484289
1.0,0.552008129279784
1.0,0.43404175995146943
1.0,0.803511357631578
1.0,0.1101372527082276
1.0,0.46395229416248185
1.0,0.7914874683065136
1.0,0.5642405725211574
1.0,0.6059093199601193
1.0,1.0326519473419467
1.0,0.7802383353218829
1.0,0.7651638543038644
1.0,0.7538326132334987
1.0,0.9306516921933508
1.0,0.8062072381744656
1.0,0.5173880408938203
1.0,0.7344414096351102
1.0,0.6881270739058891
1.0,0.6624895965906035
1.0,0.6998261203152651
1.0,0.8227794828071637
1.0,0.7515503512877331
1.0,0.6303925843340039
1.0,0.650257958273869
1.0,0.7863318106401493
1.0,0.6336308849049601
1.0,0.9444200868128974
1.0,0.710150711359347
1.0,0.9109520039010022
1.0,0.6053109126032723
1.0,-0.2915183756958868
1.0,0.5809588898664515
1.0,0.6614591260331508
1.0,0.6579535962373484
1.0,0.7841272305886378
1.0,0.5962638254513877
1.0,0.7428036006185721
1.0,0.7032536585611524
1.0,0.6333293378702365
1.0,0.8405546859812603
1.0,0.5508237484536949
1.0,0.7632833847092115
1.0,0.2922252955222575
1.0,0.6787693623173254
1.0,0.926985200969284
1.0,0.7318706675605426
1.0,0.918593404368039
1.0,0.5622014044020034
1.0,0.5192041126174445
1.0,0.8092012604829506
1.0,0.41287409897267935
1.0,0.6511786554256105
1.0,0.9644453293976767
1.0,1.166408416917875
1.0,0.6193471288916044
1.0,0.7505816478742418
1.0,0.616258534584631
1.0,0.7468967534878175
1.0,0.8501412389105099
1.0,0.4132991404476343
1.0,0.5654494186228476
1.0,0.6702249947893506
1.0,0.79776787739047
1.0,0.6205845489021158
1.0,0.711865880996811
1.0,0.6608776834309538
1.0,0.6601412171621632
1.0,0.5514813115214565
1.0,0.7542572897518767
1.0,0.8979159502796392
1.0,0.34412376634918473
1.0,0.8097391199171398
1.0,0.5036924616879332
1.0,0.3971461777910008
1.0,0.7433224512788001
1.0,0.10250188704412722
1.0,0.8031121470066864
1.0,0.7638797765748677
1.0,0.8769530657455107
1.0,0.25036778098819923
1.0,0.7368752802731251
1.0,0.662710853353019
1.0,0.6117937277422243
1.0,0.7888269998938995
1.0,0.6910503059507391
1.0,0.6381780218744098
1.0,0.6711374809829067
1.0,0.676223047727035
1.0,0.550697692688118
1.0,0.6246458624018487
1.0,0.7142634632100453
1.0,0.6363519937767705
1.0,0.48856148324011883
1.0,0.6865010717474433
1.0,0.6939154829624385
1.0,0.8258232277648858
1.0,0.4860144512676925
1.0,0.6234405852510463
1.0,0.6279009079362368
1.0,0.8293883805527003
1.0,0.4852039866964333
1.0,0.678677123097259
1.0,-0.14201113726176118
1.0,0.6532009560933147
1.0,0.49354060282530554
1.0,0.5592215158849285
1.0,0.7094502183153963
1.0,-0.2620577863754079
1.0,0.017993031004152726
1.0,0.6825261055337251
1.0,0.6651571469838018
1.0,0.6423058425289128
1.0,0.6433851185111052
1.0,0.6768570434660433
1.0,1.485482917389163
1.0,0.8219229357755466
1.0,0.6956762818717834
1.0,0.6857236246360117
1.0,0.759249493677089
1.0,0.7848347531216859
1.0,0.8699801231450692
1.0,0.8191119474531661
1.0,0.9888792950414427
1.0,0.4110624220129466
1.0,0.8389212163692719
1.0,0.7608364603065638
1.0,0.6343444472458941
1.0,0.535497205093634
1.0,0.6099165808973339
1.0,0.8746463026027413
1.0,0.7310059159381126
1.0,0.6032032983266618
1.0,1.5746691188514887
1.0,0.6185187554001459
1.0,0.5815378789257011
1.0,0.6764888546904331
1.0,0.6490209928515469
1.0,0.7496250966687512
1.0,0.7103891912047402
1.0,0.581903005332606
1.0,0.7708472691456336
1.0,0.5901466410841749
1.0,0.711472319360837
1.0,1.147117923098449
1.0,1.0798173828325162
1.0,0.3610333609276495
1.0,0.5663327254142132
1.0,0.60611447548672
1.0,0.6650026584175066
1.0,0.7067640881396073
1.0,0.7055182229287311
1.0,0.6256888655107105
1.0,0.6109763259337342
1.0,0.6418193501931455
1.0,0.6015238401105307
1.0,0.8540588261575977
1.0,0.7670549334052339
1.0,0.6674862753015987
1.0,0.6549185200992724
1.0,0.8832115471677753
1.0,-0.4669434425231884
1.0,0.6269411157563809
1.0,0.5300424780971298
1.0,0.9124755362799988
1.0,0.5661579467187039
1.0,0.8358507258917598
1.0,1.0180365256419464
1.0,0.36166941274314013
1.0,0.7904694871303946
1.0,0.7142822105806772
1.0,0.7005506666591828
1.0,0.5639030398160685
1.0,0.6167751384082294
1.0,-0.03469047381258861
1.0,1.0780594832804127
1.0,0.7002287354098371
1.0,0.4612623962575526
1.0,0.11205018995315186
1.0,0.792996310124181
1.0,0.6624873817017942
1.0,0.6168602236602965
1.0,0.6479479454355896
1.0,0.6287144378657104
1.0,0.47864509058217664
1.0,0.749288357599653
1.0,0.8167105287921004
1.0,-0.11305676047049928
1.0,0.8926273338765895
1.0,0.3992400609231481
1.0,0.24978144786018674
1.0,0.6599173236445495
1.0,-0.0882214145076432
1.0,0.5342533076527616
1.0,0.9352106422875295
1.0,0.5628131510238745
1.0,0.8965074992147493
1.0,0.6972636633436196
1.0,0.7689184922355707
1.0,0.03709661580796819
1.0,0.6878922793594029
1.0,0.7215167732947521
1.0,0.4560332704531902
1.0,0.9150443418520808
1.0,0.8248276132389947
1.0,0.7807781825631537
1.0,0.7400361332192915
1.0,0.5512126065723351
1.0,0.6211217993522951
1.0,0.9238390000055006
1.0,0.6201026987228033
1.0,0.5067663238696696
1.0,0.6929140894471857
1.0,0.5348881502040967
1.0,0.6127772418130917
1.0,1.045162876142058
1.0,0.7886714237974957
1.0,0.7775289119908848
1.0,0.6697991790069864
1.0,0.7561487902721638
1.0,0.5359021307021976
1.0,0.735494759039284
1.0,0.8182128491080221
1.0,0.38337292694632197
1.0,0.4071517814782055
1.0,0.6126908059713969
1.0,0.8752651120166774
1.0,0.731607286777944
1.0,0.05523333561177424
1.0,-0.02251867648010375
1.0,0.572536777392088
1.0,0.961538733577072
1.0,0.5396581800860076
1.0,0.6702379638863931
1.0,0.672791431312362
1.0,0.6926903461189795
1.0,0.6311752585488648
1.0,0.6620300570539257
1.0,0.6542769454617883
1.0,0.6705690029457401
1.0,0.6236403345337749
1.0,0.5223262633980994
1.0,0.16990773426277883
1.0,0.705367271916657
1.0,0.6201898391054783
1.0,0.8206570852780715
1.0,0.7143646360309504
1.0,0.6070365161640439
1.0,0.7732696929024314
1.0,0.6758678984997459
1.0,0.6718564066586623
1.0,0.5098031289353457
1.0,0.6285204006426284
1.0,0.7037605889800034
1.0,0.7583536733745859
1.0,0.9003693204276715
1.0,0.7324002780587762
1.0,0.6411488236799414
1.0,0.5857969093658539
1.0,0.5316907071292007
1.0,0.6505430099814475
1.0,-0.011200928605830995
1.0,0.8167909969715765
1.0,0.786659815567873
1.0,0.14129424470047525
1.0,0.5282835189464095
1.0,1.1377099431329043
1.0,0.6397278988379185
1.0,0.776424856824633
1.0,0.6708312223290704
1.0,0.8958802853621819
1.0,0.6199470082892731
1.0,0.8048834256605915
1.0,0.5528618649250348
1.0,0.5895882691847874
1.0,0.8466565532180539
1.0,0.9609408686210372
1.0,0.6453270954589243
1.0,0.834656883952448
1.0,0.9077787689147954
1.0,0.5880322042012267
1.0,0.7070098784615766
1.0,0.6355161831979785
1.0,0.977100822432476
1.0,0.7475838488671798
1.0,0.8783065999623432
1.0,0.586417141930724
1.0,0.6140279399942301
1.0,0.5393860532949475
1.0,0.25535576563379436
1.0,0.7063288275194282
1.0,0.6539652268256759
1.0,0.5740050649501427
1.0,0.8379002952506198
1.0,0.6987359957302033
1.0,0.7477532627171968
1.0,0.7683667157816672
1.0,0.8361231437456809
1.0,0.23202063753069524
1.0,0.8509342776915219
1.0,0.4089392648929788
1.0,0.7003835426521619
1.0,0.7543420892079666
1.0,0.8012987449319553
1.0,0.8661420691314561
1.0,0.8563048972528122
1.0,0.7943973649134932
1.0,0.9520274859123674
1.0,0.35409049375812174
1.0,0.972488089448234
1.0,0.8361202021806093
1.0,1.1949995197273893
1.0,0.844030374574686
1.0,1.0834853053329425
1.0,-0.23439756347579532
1.0,0.7683436379875275
1.0,0.8976833415854344
1.0,1.4725537840085963
1.0,0.5869408248290711
1.0,0.7289504618393039
1.0,0.6479359527302222
1.0,0.827724457799377
1.0,0.7910970903221823
1.0,0.7700234440362692
1.0,1.0206213226492764
1.0,0.31362050263851415
1.0,0.5411543650134263
1.0,0.5088857129358075
1.0,0.6723295704041448
1.0,0.5080700182279543
1.0,0.741399775654827
1.0,0.694604971849003
1.0,0.7996193017879705
1.0,0.5493427654073457
1.0,0.6134484837930358
1.0,0.8684576279993053
1.0,0.2651857341197683
1.0,0.4773596283484949
1.0,0.8286749152275661
1.0,0.7472234249216854
1.0,0.7373256694609154
1.0,1.0874620594131557
1.0,0.2669961067103941
1.0,0.7552887570336679
0.0,0.7630153333439011
0.0,0.6236977094840768
0.0,0.19233336974320991
0.0,0.43407843698696524
0.0,0.5296389548639127
0.0,-0.029514313287108962
0.0,0.7617051443248783
0.0,0.43708577624511236
0.0,-0.06267127036335296
0.0,0.2544034064894731
0.0,0.399617284911983
0.0,0.2902036077621233
0.0,0.5557271581310488
0.0,0.6193772030874243
0.0,0.47761345373874065
0.0,0.43892018683618517
0.0,-0.0689945827361953
0.0,0.5934597401501378
0.0,-0.0011270769455222762
0.0,0.06558395563843078
0.0,0.019064149902987992
0.0,0.3459500872359058
0.0,0.5143669481294637
0.0,0.1288425130996984
0.0,0.21591541658108326
0.0,0.22179868134389835
0.0,0.25712437703896285
0.0,-0.1668586996211161
0.0,0.24526688332025515
0.0,-0.0639733742500539
0.0,0.12317421682291751
0.0,0.00864959472528426
0.0,0.4945969035834423
0.0,0.34981036280078115
0.0,0.18298818400307937
0.0,0.4999202156022875
0.0,0.7114879863174792
0.0,0.24981344377647474
0.0,0.7345186553666281
0.0,0.10779345682931307
0.0,-0.018432952692819526
0.0,0.6048476915402716
0.0,0.38670861496666475
0.0,0.31250062527851696
0.0,0.7627222435849035
0.0,0.47221829136015003
0.0,0.4239270659572867
0.0,-0.1238460154954737
0.0,0.18404877851389756
0.0,0.3618196497527606
0.0,0.6296634189866381
0.0,0.6732746488896737
0.0,0.392972247200305
0.0,0.25064951833246596
0.0,0.3365516861376818
0.0,0.4652048891184677
0.0,-0.025695370914036175
0.0,0.8763817310027662
0.0,-0.0971526986304525
0.0,-0.07559433922688186
0.0,0.3411477090621702
0.0,0.383664629973282
0.0,0.40595864352508215
0.0,0.05000616268534941
0.0,0.7644593657923906
0.0,0.2626606187341167
0.0,0.6405623353257397
0.0,0.7979418574141164
0.0,0.6596659512706537
0.0,0.47780465360574453
0.0,0.45919185622278746
0.0,0.3290395780304607
0.0,0.17236849300479662
0.0,-0.06401045363054436
0.0,0.22789916569581692
0.0,0.5912761077643154
0.0,0.09960979564766603
0.0,0.5777493164141561
0.0,0.15779576600834844
0.0,0.3658843694902316
0.0,0.31924840519695863
0.0,0.30034816355782823
0.0,0.6010908473945165
0.0,0.4875476806664665
0.0,0.24483960169163765
0.0,0.18946805842006142
0.0,-0.17953430898523948
0.0,-0.20302337921475555
0.0,-0.01263544084122259
0.0,0.32448375421154196
0.0,0.9569766260301549
0.0,0.3613234169315547
0.0,0.09573965871368273
0.0,0.23824544939998304
0.0,-0.08897422430436563
0.0,0.4472486161739653
0.0,0.4319792578135093
0.0,0.20967526621643628
0.0,0.21652589518726018
0.0,0.6818272471628006
0.0,0.39510757421339804
0.0,0.23496164241169026
0.0,0.19769789300244156
0.0,0.39585266711765144
0.0,-0.030030819882995274
0.0,0.3223749623975891
0.0,0.2553934862517053
0.0,0.0666952455385399
0.0,-0.020060941745214222
0.0,0.19612481791773462
0.0,0.6361926413146648
0.0,-0.05221447073563468
0.0,0.4070224386823611
0.0,0.7157977265997033
0.0,0.04077572468941071
0.0,0.5178675594206652
0.0,-0.029581737264379626
0.0,0.15578034032023425
0.0,0.018045612160676683
0.0,0.4905767635709708
0.0,0.15222212012213276
0.0,0.3666602122621043
0.0,0.3919625455582718
0.0,0.4519962456088251
0.0,0.41786644166677434
0.0,-0.9478970860809568
0.0,0.37072637244909856
0.0,0.4785833222686051
0.0,0.506657865802481
0.0,0.25095470382893836
0.0,0.25560596401555813
0.0,0.6284290936646357
0.0,0.19602561460487777
0.0,0.3670795381312928
0.0,1.0490415249178113
0.0,0.2660869373530659
0.0,0.21656703570261016
0.0,0.34505935935794696
0.0,0.6953592895297334
0.0,0.9026273673644027
0.0,0.3332861540857266
0.0,-0.14839346932512854
0.0,0.19718802974512073
0.0,0.30798164742645895
0.0,0.042597211087922915
0.0,0.12060574259521673
0.0,0.5057491904753988
0.0,0.5455122547182327
0.0,0.13729692064134724
0.0,0.20603016699442378
0.0,-0.009061072632903233
0.0,-0.13137216843824717
0.0,0.504886718033049
0.0,0.210643974280174
0.0,0.16804452550331916
0.0,0.32892619819540414
0.0,0.12792132240156207
0.0,0.06703039451986115
0.0,0.6881859561017336
0.0,0.8551204490195232
0.0,0.3345630325111415
0.0,0.44757926220972877
0.0,0.586434972623465
0.0,0.758437226481874
0.0,0.6445574333756667
0.0,0.1677614359805375
0.0,0.5998128030041698
0.0,1.0635448259872646
0.0,-0.07234318030077702
0.0,0.2395382706872624
0.0,0.18141706755159248
0.0,0.6126872512904811
0.0,0.3667505004868872
0.0,1.4062630018788695
0.0,0.2634603809710825
0.0,1.0483650773549016
0.0,0.7825920667592072
0.0,0.7483360830110541
0.0,0.2594428566053466
0.0,0.3572092177646482
0.0,1.0943258311863246
0.0,-0.21276968515030603
0.0,0.2205413277288244
0.0,0.10572546364437585
0.0,0.0011017680835720967
0.0,0.299519339755534
0.0,0.42232801487170946
0.0,0.22761834300035844
0.0,0.2802294329067081
0.0,0.33053373707389255
0.0,0.025377886769092584
0.0,0.07915664703068614
0.0,0.24220970509577455
0.0,0.39089227465956355
0.0,0.00198170833846234
0.0,0.45182222167750297
0.0,0.8407781000832983
0.0,0.13525888985805068
0.0,0.5302219664481527
0.0,0.5075367873505456
0.0,0.21369899650107982
0.0,0.2492765482620598
0.0,0.12468010316206346
0.0,0.45676169680155
0.0,0.79081010808477
0.0,0.32736787152862235
0.0,0.42757756250557577
0.0,0.4508474713202304
0.0,0.18465294802626886
0.0,0.37853294410069793
0.0,0.1891842258410179
0.0,-0.13474727300308587
0.0,0.452032768054778
0.0,0.3094752518045425
0.0,0.6377265128139697
0.0,0.18425283383930946
0.0,-0.004448319131370226
0.0,0.028218795687280362
0.0,0.0625714390007488
0.0,0.3418170125933102
0.0,0.3753292621777291
0.0,-0.15872468854922772
0.0,-0.002867143313778797
0.0,0.1555558607715284
0.0,-0.14399756127204455
0.0,0.28642394596136
0.0,1.131515812611724
0.0,0.5221872519168755
0.0,0.6000619281621766
0.0,0.1584413694899922
0.0,0.21012588471421623
0.0,0.7309904590147198
0.0,0.09975188403768698
0.0,0.8785672247740877
0.0,1.0954652121554318
0.0,0.12070694080739486
0.0,0.30073587036349636
0.0,0.06956407350207883
0.0,0.4930122349460362
0.0,0.5297082871229577
0.0,0.25496951429522596
0.0,0.16609124959904875
0.0,0.5105807041209118
0.0,0.7718751610755135
0.0,0.4085174141146126
0.0,0.5787064839214509
0.0,0.42902344062258635
0.0,-0.08477980534007656
0.0,0.2386818558388768
0.0,0.35498476510565524
0.0,-0.12871723647094768
0.0,0.4363133308461329
0.0,0.7715309164486825
0.0,0.48447159359602665
0.0,-0.14722059582709335
0.0,0.3431070464403092
0.0,0.40461091585621034
0.0,0.4369790261043818
0.0,-0.026701392000177293
0.0,0.013393252403147926
0.0,0.6108812302163642
0.0,0.6606289448400275
0.0,0.1800641981544686
0.0,0.12980770093690808
0.0,-0.07028873579656647
0.0,0.3826171576292836
0.0,-0.04240349165775115
0.0,0.2769968552674982
0.0,0.6762030138334012
0.0,0.2479625964688239
0.0,0.056843435178961954
0.0,0.6271157772771403
0.0,0.4124864993755182
0.0,0.02352815890662896
0.0,-0.071840768329821
0.0,0.1518626216438861
0.0,0.20391938601824222
0.0,0.4570845035750608
0.0,0.37212857512986375
0.0,0.15854796947314753
0.0,0.27794009324315994
0.0,-0.0995422299074562
0.0,0.5368676299731305
0.0,0.32944823743218876
0.0,-0.2946855439877254
0.0,0.2918533601832678
0.0,0.5685530093696798
0.0,0.8904552459362094
0.0,0.25053664404640585
0.0,0.4888790591576253
0.0,0.2482962963540558
0.0,0.3597784763705931
0.0,0.4842386532773162
0.0,0.35424475409672596
0.0,0.34498616983637476
0.0,0.3352644856513507
0.0,0.03397194681747351
0.0,0.6618992546309528
0.0,0.24491336612754822
0.0,0.6414360121543723
0.0,0.2668937987446043
0.0,0.47684965985990857
0.0,0.3794804495319113
0.0,0.08779323570433917
0.0,0.7392089550485252
0.0,0.3152050697717641
0.0,0.47159418046067003
0.0,0.8954650221057818
0.0,0.4830420419339134
0.0,0.37022728093234036
0.0,0.25571888601916726
0.0,0.3255760021847891
0.0,0.4517753327208993
0.0,0.6956538797385292
0.0,0.6044999426185313
0.0,0.5117125547121759
0.0,0.42567923530441476
0.0,0.43379377523524454
0.0,-0.25232385177787364
0.0,0.7413150063557623
0.0,0.21118312984344811
0.0,0.38004190046649455
0.0,0.3296385415033001
0.0,0.1354730900211507
0.0,0.15202837405286118
0.0,0.10512643361107621
0.0,0.2950668367448088
0.0,0.2461885858901951
0.0,0.03266253117726592
0.0,-0.059199441438977374
0.0,0.3231521719517332
0.0,0.24644634076958027
0.0,0.5250249030777923
0.0,0.16326529671823664
0.0,0.14322219656969537
0.0,0.5935712533619153
0.0,0.6353381727503802
0.0,0.3980101883835232
0.0,0.4367188496116796
0.0,0.37125573780576815
0.0,0.42728439911661553
0.0,0.16989309442305967
0.0,0.5637790554228559
0.0,0.2981846077973387
0.0,0.13857337236549938
0.0,0.09913486452387588
0.0,0.48795875741870987
0.0,0.15822730821946607
0.0,0.3297847148251094
0.0,0.17880923274242377
0.0,0.028229766470758477
0.0,0.43631100298352976
0.0,0.24541609143034293
0.0,0.2857293968963859
0.0,0.1911746775103893
0.0,0.1922837399506534
0.0,0.5512065429547874
0.0,0.5291436983716267
0.0,0.3727409397470183
0.0,0.11309466820330272
0.0,0.5293928827632044
0.0,0.22498147649457678
0.0,0.16843754523597454
0.0,0.47372352709862753
0.0,0.16280780986471655
0.0,0.3264829666204605
0.0,0.628728272879016
0.0,0.2730548151903349
0.0,0.3859640474356638
0.0,0.677480226667285
0.0,0.25557699705677805
0.0,0.07184286060055456
0.0,0.5139587596449928
0.0,0.14786495955468126
0.0,-0.2532212764490396
0.0,0.203527740397476
0.0,0.21882881791225373
0.0,-0.10298313049770513
0.0,0.02644480514118186
0.0,-0.3255666055028996
0.0,0.2558758860368471
0.0,0.08675151165516581
0.0,0.07896046150290204
0.0,0.19350812699212838
0.0,0.32879483498436457
0.0,0.2595217440484703
0.0,0.6694302867026636
0.0,0.2768764977090541
0.0,0.506344888663989
0.0,0.21752368148736423
0.0,0.193985833179795
0.0,0.8129128328591833
0.0,-0.060690769449138315
0.0,0.5684627475056914
0.0,0.3074724215812239
0.0,0.35459579877442593
0.0,0.011038114495022455
0.0,0.17227800918044522
0.0,0.48639223092686734
0.0,0.330951934024597
0.0,0.08320633340190398
0.0,0.15227166583554208
0.0,0.27977942428060487
0.0,-0.12651754376111057
0.0,0.1173323423936381
0.0,0.3030732402748981
0.0,0.7405427441935899
0.0,-0.0036294118344812887
0.0,0.21628882879758748
0.0,0.17600122283784003
0.0,0.24791465692123893
0.0,-0.24900515866465867
0.0,0.5356541581304555
0.0,0.4595864118264217
0.0,0.2800121124573707
0.0,0.5099714298348772
0.0,-0.007866653531891643
0.0,0.42874159804341616
0.0,0.5087473966823381
0.0,0.24118366035418148
0.0,0.13694006257355795
0.0,0.0783942881053008
0.0,0.0818315555816298
0.0,0.17130768199785962
0.0,0.5129901954933302
0.0,0.27423028768316726
0.0,0.28519679283090227
0.0,0.5804685855009666
0.0,0.09345110129197565
0.0,0.46078810719609464
0.0,0.8327654208023887
0.0,0.09635920803339104
0.0,-0.4918036097406002
0.0,0.1992368811643246
0.0,0.6350819009603583
0.0,0.12421109206297842
0.0,0.7867052188921662
0.0,0.19998259168460208
0.0,0.1986243829051091
0.0,0.8657615904394333
0.0,0.3474527265852885
0.0,0.06597309581411537
0.0,0.6249157553884288
0.0,0.8027244681616139
0.0,0.37898656346624193
0.0,0.31440172380007425
0.0,0.5286902386405927
0.0,0.5010266514700561
0.0,0.16035274577825476
0.0,0.5565285425091133
0.0,0.6824739629219039
0.0,0.0904922836480182
0.0,0.36856478244681057
0.0,0.025850192906546
0.0,0.2692337098151256
0.0,0.4745957013337829
0.0,0.992090214502241
0.0,0.16084201052126446
0.0,0.3463368051507132
0.0,0.2741332137529753
0.0,0.23271778779962915
0.0,0.6397470973588497
0.0,0.39291359689013916
0.0,-0.1499160328112339
0.0,-0.011629791456471139
0.0,0.26711472299939487
0.0,0.6115383625374307
0.0,0.23693907096640032
0.0,0.04783511267123686
0.0,0.22256568796001375
0.0,0.7092907405703954
0.0,1.1019608703008998
0.0,0.23254141592406086
0.0,0.8024737800978983
0.0,-0.09026772495053592
0.0,0.1526670435023334
0.0,0.09605507320065954
0.0,0.36329120398295345
0.0,0.13679507055621798
0.0,0.35395281057299144
0.0,0.24339714438974624
0.0,0.742426301213527
0.0,0.17559115297535755
0.0,0.4606795477675405
0.0,0.23000388452874176
0.0,0.03928151254513068
0.0,0.6613061987136462
0.0,0.34740492000037193
0.0,0.1163072442086559
0.0,0.22976510967782815
0.0,0.14486177720482374
0.0,0.36839600954499474
0.0,0.18153885937317682
0.0,0.3653026137199049
0.0,0.4800508675607489
0.0,0.2734254206525293
0.0,0.7274040476477239
0.0,0.40977583800122375
0.0,0.22003382044204045
0.0,0.24391450827442895
0.0,0.27434622603595926
0.0,0.322965268012922
0.0,0.41086677503062674
0.0,0.13565737514636567
0.0,0.26869303366038366
0.0,0.6421550704217225
0.0,-0.16292872115627688
0.0,0.3336447127749125
0.0,-0.09460787279840588
0.0,0.5075715801431215
0.0,0.434131623365829
0.0,0.20145094615782
0.0,0.5940154279833223
0.0,-0.051491068274117424
0.0,0.48662847599007364
0.0,0.10399338383922441
0.0,-0.09016019759474148
0.0,0.07052851147818728
0.0,0.35683322232398496
0.0,0.20498621713795728
0.0,0.3330321142984758
0.0,0.14786597947113478
0.0,0.5121752146214931
0.0,0.40725014482723054
0.0,-0.1523587194897118
0.0,0.010177358574765094
0.0,0.47661414665799384
0.0,0.199069210192647
0.0,0.0935501278781885
0.0,0.6418486617412782
0.0,1.178595411835886
0.0,0.8431478064476323
0.0,0.39374081798996485
0.0,0.6576868092906807
0.0,0.4032399582238213
0.0,-0.03722849668338313
0.0,0.35717120480876474
0.0,0.4448758879207162
0.0,0.8868584718611601
0.0,-0.04228460720878502
0.0,0.035608196388238866
0.0,0.2144844124723022
0.0,0.2901906397237326
0.0,0.3626928133526235
0.0,0.1294970252274652
0.0,0.6406510211154455
0.0,-0.0795512544355006
0.0,0.3484247342812523
0.0,0.21797685100227682
0.0,0.6149454467758915
0.0,0.08521306920374627
0.0,-0.07183687526321592
0.0,0.19503179277126037
0.0,0.12704673271946376
0.0,0.30074693681581266
0.0,0.3388860100230886
0.0,0.1459377198925722
0.0,0.23870399047245883
0.0,0.3673715457853177
0.0,0.6619656243856298
0.0,0.27044653716438916
0.0,-0.07077919751918671
0.0,0.3652462148193081
0.0,0.34313451621437707
0.0,0.43888094410158374
0.0,0.9159378510403258
0.0,-0.42808696548399894
0.0,0.420594463766065
0.0,0.45869495246461156
0.0,0.45214638879770064
0.0,0.28715498457586364
0.0,0.35046818827777315
0.0,0.20332770480945328
0.0,0.4684738511532487
0.0,-0.014933265925719752
0.0,0.036120372024015523
0.0,0.1983117169529578
0.0,-0.6341764831176988
0.0,0.2732368898041386
0.0,0.34494357711173507
0.0,0.023070965552506095
0.0,0.2581162387805307
0.0,0.21919807886479248
0.0,0.035491281211761816
0.0,0.43388686232174223
0.0,0.17151389482478407
0.0,0.5645762828426086
0.0,0.5587792937049016
0.0,0.015002834073129634
0.0,0.09640677799598052
0.0,0.3617654182307888
0.0,-0.028689046980616695
0.0,0.4980245470005684
0.0,0.37060547802502697
0.0,0.21501689251272182
0.0,0.02543929455714533
0.0,-0.3912854223708564
0.0,0.6071270028205618
0.0,0.0709646964305648
0.0,0.044706816076541145
0.0,0.2110458784736693
0.0,0.38353955183902144
0.0,0.5046641844282931
0.0,0.30674302338866255
0.0,0.6601687425945784
0.0,0.3566803285930291
0.0,0.732738948455335
0.0,-0.34203065240126307
0.0,0.07826598666179052
0.0,0.226515176117573
0.0,0.07098217553266295
0.0,0.009865672781415924
0.0,0.5326708239681466
0.0,0.2619662057577443
0.0,-0.12211771626152768
0.0,0.2409777222237608
0.0,0.1936412835957526
0.0,0.183321254371549
0.0,0.10714337559420528
0.0,0.34720429617846094
0.0,-0.19719584292306536
0.0,0.3252514914956919
0.0,0.5026835992293854
0.0,0.3908009165652402
0.0,0.2718529188196044
0.0,1.054632993184896
0.0,0.14364870964436705
0.0,0.5996316128630497
0.0,0.39087412954268075
0.0,0.6923565715060249
0.0,0.15168357678976463
0.0,0.36317465781667124
0.0,0.018175609174249985
0.0,0.040241094296106894
0.0,0.6429601912659564
0.0,0.3690557537265704
0.0,0.6140050101867018
0.0,0.7993969762801498
0.0,0.8582259825225265
0.0,0.18592354328393412
0.0,0.373565843603501
0.0,0.0885903116004556
0.0,0.37936584743965795
0.0,0.401757940691823
0.0,0.04991753304966551
0.0,0.3432507956367772
0.0,-0.506168942029035
0.0,0.5730070783656629
0.0,0.29938102294909186
0.0,-0.0495920780213055
0.0,0.44868077429600817
0.0,0.3720860823868861
0.0,-0.26364190320873604
0.0,0.26311033943602524
0.0,0.6535946955909822
0.0,0.25635200531905866
0.0,0.5521487101123057
0.0,0.1674233086869208
0.0,0.2941040478162904
0.0,0.2855280422272699
0.0,-0.010198630134254927
0.0,0.7827334973126199
0.0,0.49740693028979877
0.0,0.07690827413534862
0.0,0.5952374785629218
0.0,-0.3171559956135752
0.0,0.0926284266552102
0.0,0.09533311212089757
0.0,0.13909118253559427
0.0,0.304809731244859
0.0,0.05875670698515023
0.0,0.1893788299876178
0.0,0.130291639456118
0.0,0.5179250441324257
0.0,0.44934032138826296
0.0,0.4060210119778276
0.0,0.47131568941131263
0.0,0.7080360222398667
0.0,0.32362813672170887
0.0,0.419793767144256
0.0,0.8232076307995158
0.0,0.16558049095874594
0.0,0.1931045175788313
0.0,0.07287229208486679
0.0,0.3753175066149197
0.0,0.28038436915358034
0.0,0.2549078979554906
0.0,0.4151839402056794
0.0,0.8101971000560297
0.0,0.40222314114089386
0.0,0.13293269657697238
0.0,0.7764133877180939
0.0,0.5546180353512682
0.0,-0.1876147184129877
0.0,0.4745072700407036
0.0,0.30867334445065353
0.0,0.7323163282098903
0.0,0.7499542466703133
0.0,0.36522565214818314
0.0,0.3050119656654715
0.0,0.06010919011532678
0.0,0.23341669524143072
0.0,0.6357674587397923
0.0,0.5662259685886966
0.0,0.4854737783934979
0.0,0.661682639587525
0.0,0.2554773712927272
0.0,0.09643452526233887
0.0,0.3649136788035321
0.0,0.5410800161671432
0.0,0.3045121272889446
0.0,0.6986653921439938
0.0,0.4365573834757015
0.0,0.47764187092980137
0.0,0.1162019972834969
0.0,0.2954596021991165
0.0,0.1792074062714164
0.0,-0.17816872283401608
0.0,0.12019972654343292
0.0,0.43362014490958245
0.0,0.5596567777847667
0.0,0.25981277827941085
0.0,0.20699494369182503
0.0,0.5099453533657652
0.0,-0.05722584256909613
0.0,0.011570884536922676
0.0,0.285849029354722
0.0,0.5006864802326163
0.0,0.23205860727375693
0.0,0.10490093486077967
0.0,0.2574235376632714
0.0,0.6372729889744733
0.0,0.11956189278407692
0.0,0.5139660999702755
0.0,0.3309427395770399
0.0,0.32661605785233405
0.0,-0.10073997438394144
0.0,0.4952493034525105
0.0,0.5232816254547288
0.0,0.38625662105550873
0.0,0.3322102383572201
0.0,0.7815570124894293
0.0,0.20096089760590985
0.0,0.8072630838296391
0.0,0.3358870680031032
0.0,0.40285065972329903
0.0,0.16202544103634864
0.0,0.12811969867743755
0.0,0.37001279057312786
0.0,0.5468639556693233
0.0,1.2345637474636533
0.0,0.8654317397058549
0.0,-0.008399925047342549
0.0,0.3109078855568441
0.0,0.22930802853170462
0.0,0.5206636364036967
0.0,0.00014469052712229313
0.0,0.3842076660330349
0.0,-0.1595158616128174
0.0,0.452298763341787
0.0,0.4734815128504124
0.0,0.17578294229133462
0.0,0.5456389125547503
0.0,0.4212717555856216
0.0,0.5777558149347897
0.0,0.054508556775545
0.0,0.12120277749545494
0.0,0.2468673522798781
0.0,0.48912931942595606
0.0,0.31015353249313193
0.0,0.10571199541391252
0.0,0.504675319089074
0.0,-0.149340643175492
0.0,0.3480075450561344
0.0,0.25246599740785314
0.0,0.33142223140566784
0.0,0.7617840967859593
0.0,-0.15836848155322514
0.0,0.1525264903821153
0.0,0.2807839524020892
0.0,0.07362613146597141
0.0,0.497648113512696
0.0,0.023792783280441654
0.0,0.25544226177953533
0.0,0.13717057111443864
0.0,0.5337654297509289
0.0,0.2944387570169056
0.0,0.3900298627468146
0.0,0.45049450732312835
0.0,0.12180614013868762
0.0,0.18268285884187208
0.0,0.4646294719314028
0.0,0.15331294121187966
0.0,0.12593350433235173
0.0,0.36331535361750866
0.0,0.34174969401283306
0.0,-0.15332926755581866
0.0,0.03308666290013207
0.0,0.287191642372818
0.0,0.1443721214454854
0.0,-0.12241336308761674
0.0,0.28750299469265883
0.0,0.1355222231359221
0.0,0.2649130345989761
0.0,0.31666184526238794
0.0,0.15535107076993881
0.0,0.28416229504910007
0.0,0.5758400421827901
0.0,0.734950595857299
0.0,0.6746629449971806
0.0,0.2949421742623599
0.0,0.8547471678239162
0.0,0.6099462185438824
0.0,-0.0606664788301714
0.0,0.4085455526883379
0.0,-0.023679201938648475
0.0,0.4212253981231697
0.0,0.44748878986956697
0.0,-0.0014757841163373087
0.0,0.2160594104161646
0.0,0.11432353432610398
0.0,-0.046253121107838524
0.0,0.10260003058556322
0.0,0.22791425858213188
0.0,0.3547357022880533
0.0,0.2472178073685427
0.0,0.4350153298564692
0.0,0.37228908747238165
0.0,0.38870290420345555
0.0,0.512144304127105
0.0,0.28285127773960994
0.0,0.5063523265662297
0.0,1.006362016901221
0.0,0.3633774125146374
0.0,0.4644741009869904
0.0,0.10841197133777314
0.0,0.3806303931160073
0.0,0.7155762145839617
0.0,0.9185690654048813
0.0,0.20815313569255522
0.0,0.20723352444110787
0.0,0.5599630474480364
0.0,0.7796761149993472
0.0,0.10798183933729888
0.0,0.3780737557035536
0.0,0.0737159226937365
0.0,0.7448944102916357
0.0,0.5310337999590047
0.0,0.15538435502912762
0.0,0.37418763026198576
0.0,0.6579237769474275
0.0,0.5702719436330881
0.0,0.18163105249186628
0.0,0.06830212847216899
0.0,0.7030015434429515
0.0,0.5605293444477866
0.0,0.6316378246383465
0.0,0.3102053484253702
0.0,0.21098377116868505
0.0,1.3476295307145847
0.0,0.23386966984708124
0.0,0.10618534537388769
0.0,0.6341839766155317
0.0,0.22848530705778103
0.0,0.38781940772787493
0.0,0.35038461558178824
0.0,0.5355205540845418
0.0,0.07793893860798562
0.0,0.17716524621573626
0.0,0.16165026787166425
0.0,0.5884189213911668
0.0,-0.22408838397404907
0.0,0.21533666432060272
0.0,-0.005318573270415072
0.0,-0.2152049804244598
0.0,-0.2793047594941527
0.0,1.0912268014953952
0.0,0.6088193976665934
0.0,0.36618923768401146
0.0,0.40145314195615356
0.0,0.20997000443185243
0.0,0.5727022826340544
0.0,0.01869200850251218
0.0,0.3691802037956222
0.0,0.8750407404286307
0.0,0.12216829108911043
0.0,-0.25277268613263004
0.0,0.3201385527872844
0.0,-0.19561841013728554
0.0,0.1367655732210551
0.0,0.3223215395646548
0.0,0.1313785616748646
0.0,-0.027016002320124244
0.0,0.3282778405618956
0.0,0.07508574689018133
0.0,0.20023954160387802
0.0,0.4609033539882148
0.0,0.5778634938296818
0.0,0.22095652485950268
0.0,0.28471433814047487
0.0,0.2623373236783664
0.0,-0.019638236760329164
0.0,0.29578800913532177
0.0,0.23616064803263725
0.0,0.1348654655230348
0.0,0.26795819347535144
0.0,0.22743665040707128
0.0,0.7796915814396925
0.0,0.18351115982568444
0.0,0.3607279577609006
0.0,0.26014233720707125
0.0,0.15519587883591157
0.0,0.2162321639889342
0.0,0.2611525250440536
0.0,0.20130004669044865
0.0,0.2953692492692426
0.0,0.26727911354191747
0.0,0.7452427103971786
0.0,0.4450185245159446
0.0,1.0474286547823795
0.0,-0.150517157707327
0.0,0.1607700511749499
0.0,0.3429892782041861
0.0,0.0703721899062657
0.0,0.10790550566252932
0.0,0.6209304335161505
0.0,0.2718118283437434
0.0,0.254189171841972
0.0,0.18913489611350087
0.0,0.35248902452167385
0.0,-0.09278904553048051
0.0,0.6154657481029062
0.0,0.13616161056597775
0.0,0.3486810546501147
0.0,0.2374946894688037
0.0,0.3567744485799267
0.0,0.06566268767255679
0.0,0.2048386524857051
0.0,0.5265182820803602
0.0,0.8624276455611835
0.0,0.6105339536716201
0.0,0.297455070873184
0.0,0.14779233764420496
0.0,0.6010562843348453
0.0,0.36312684099266335
0.0,-0.0010374654693805496
0.0,0.41323451397420286
0.0,0.24512632254118216
0.0,0.32362102293427597
0.0,0.3874588096514344
0.0,0.22112702578760945
0.0,0.45379462590699404
0.0,0.23834781410096184
0.0,0.34890754390653456
0.0,0.2674194963374248
0.0,0.6782453639552841
0.0,0.16085697236940177
0.0,-0.012084624487215478
0.0,0.015521025991802162
0.0,0.05760561835995759
0.0,0.28883455431969196
0.0,0.08121661243058043
0.0,0.3299444697559011
0.0,0.3299741967512091
0.0,0.18106645668012789
0.0,0.892407394681868
0.0,0.7444605302653144
0.0,0.8278273445703235
0.0,0.033592605143894616
0.0,-0.28819271490283427
0.0,0.19821863207835122
0.0,0.09885659185965778
0.0,0.4794062483661037
0.0,0.5710380513764903
0.0,0.07500983817681117
0.0,0.14839293498971529
0.0,0.23413846513449244
0.0,0.18928744758522953
0.0,0.12043968984926323
0.0,0.1764312652985609
0.0,-0.020060546154127223
0.0,0.4115067455586541
0.0,0.514819247626292
0.0,-0.02498910886970407
0.0,0.15140253613208188
0.0,0.07045565496537165
0.0,0.02782507806296053
0.0,0.13956054429854703
0.0,0.31191820549247495
0.0,0.1945067297492642
0.0,0.22440424798696768
0.0,0.3999109540754944
0.0,0.5990199941625178
0.0,0.17851968091599701
0.0,0.06083436275639542
0.0,0.25717189776696614
0.0,0.6336469763664354
0.0,0.5941247954197024
0.0,-0.13300723310840112
0.0,0.4258266867673228
0.0,0.3796541144965886
